Seuils,Animal fats,Animal Products,Eggs,"Fish, Seafood",Meat,Offals,Cereals - Excluding Beer,Oilcrops,Pulses,Spices,Starchy Roots,Sugar Crops,Vegetable Oils,Vegetables,Vegetal Products,Fruits - Excluding Wine,Treenuts,Milk - Excluding Butter,Miscellaneous,Stimulants,Sugar & Sweeteners
Profil 1,2.23666,4.78254,0.48264,1.25841,3.82846,0.10902,0.86928,1.425,0.13454,0.13425,0.10827,0.00946,1.57318,0.05638,1.59418,0.48177,0.24878,2.63696,0.06842,0.50757,0.0122
Profil 2,1.49111,3.18836,0.32176,0.83894,2.55231,0.07268,1.73855,2.84999,0.26909,0.26851,0.21654,0.01892,3.14637,0.11275,3.18836,0.96354,0.49756,1.75797,0.04561,0.33838,0.00813
Profil 3,0.74556,1.59418,0.16088,0.41947,1.27616,0.03634,2.60782,4.27498,0.40364,0.40276,0.32481,0.02838,4.71956,0.16912,4.78254,1.44531,0.74634,2.63696,0.06842,0.50757,0.0122
